target,references,clustered_references,instructions,calls,stage
0x8C0F4670,167,167,0,0,candidate
0x8C0F3B18,86,85,0,0,candidate
0x8C0F560C,74,74,0,0,candidate
0x8C0AFE08,43,43,0,0,candidate
0x8C05F470,47,33,44,0,proven
0x8C092F38,35,28,52,3,proven
0x8C03346E,29,26,122,1,proven
0x8C058FE6,26,26,19,1,proven
0x8C092ED0,31,24,41,2,proven
0x8C033578,26,24,128,10,proven
0x8C073E10,25,24,23,0,proven
0x8C06E700,23,23,14,0,proven
0x8C08B490,26,22,43,0,proven
0x8C034320,25,22,60,0,proven
0x8C138810,22,22,0,0,candidate
0x8C08A7C0,22,20,16,0,proven
0x8C08A7E4,22,20,0,0,candidate
0x8C0343B8,23,19,100,2,proven
0x8C097434,20,19,0,0,candidate
0x8C0B389C,19,19,0,0,candidate
0x8C076DC4,29,18,11,1,proven
0x8C08A798,39,17,14,0,proven
0x8C0345EC,25,17,248,5,proven
0x8C15F818,19,17,9,0,proven
0x8C0B36FC,17,17,0,0,candidate
0x8C10D9E0,17,17,0,0,candidate
0x8C138890,17,17,0,0,candidate
0x8C03650C,16,16,215,11,proven
0x8C110374,16,16,0,0,candidate
0x8C13C358,16,16,0,0,candidate
0x8C022794,18,15,6,0,proven
0x8C15F82A,18,15,7,1,proven
0x8C16A484,18,15,0,0,candidate
0x8C0227A0,17,15,81,4,proven
0x8C0800DC,16,15,0,0,candidate
0x8C029574,15,15,76,7,proven
0x8C04B180,15,15,57,0,proven
0x8C1473DC,15,15,0,0,candidate
0x8C035A5E,18,14,105,1,proven
0x8C0228CC,17,14,18,1,proven
0x8C0228F0,17,14,346,27,proven
0x8C07FFBC,17,14,26,0,proven
0x8C035A20,14,14,31,1,proven
0x8C0A2D08,14,14,0,0,candidate
0x8C1473E0,14,14,0,0,candidate
0x8C0339FC,18,13,67,3,proven
0x8C0339C0,16,13,3,0,candidate
0x8C073C00,13,13,30,1,proven
0x8C10D9BC,13,13,0,0,candidate
0x8C07FD10,19,12,87,0,proven
0x8C092732,16,12,7,1,proven
0x8C0C3670,13,12,0,0,candidate
0x8C033E38,12,12,133,3,proven
0x8C034928,12,12,534,16,proven
0x8C0B387C,12,12,0,0,candidate
0x8C147740,23,11,0,0,candidate
0x8C034804,12,11,361,7,proven
0x8C10EF34,12,11,0,0,candidate
0x8C09DA20,11,11,0,0,candidate
0x8C1473E4,11,11,0,0,candidate
0x8C1473E8,11,11,0,0,candidate
0x8C0199D6,14,10,71,0,proven
0x8C05F6F8,10,10,3,0,candidate
0x8C0C08C4,10,10,0,0,candidate
0x8C07FBA0,16,9,79,0,proven
0x8C14BA44,15,9,6,0,proven
0x8C1737EC,15,9,0,0,candidate
0x8C156DA0,12,9,93,5,proven
0x8C171714,11,9,0,0,candidate
0x8C08FAA8,10,9,7,0,proven
0x8C03457C,9,9,20,1,proven
0x8C05F434,9,9,3,0,candidate
0x8C069E54,9,9,7,1,proven
0x8C072F60,9,9,0,0,candidate
0x8C08A878,9,9,107,0,proven
0x8C147500,9,9,0,0,candidate
0x8C078890,13,8,3,0,candidate
0x8C03332C,12,8,74,2,proven
0x8C076C90,11,8,11,1,proven
0x8C0B6010,11,8,0,0,candidate
0x8C15FAF2,10,8,3,1,candidate
0x8C05891E,8,8,32,4,proven
0x8C05B586,8,8,8,2,proven
0x8C11833C,8,8,0,0,candidate
0x8C12A44C,8,8,0,0,candidate
0x8C12A460,8,8,0,0,candidate
0x8C13AC90,8,8,0,0,candidate
0x8C156D04,32,7,5,0,proven
0x8C0A2D8C,19,7,0,0,candidate
0x8C173DEC,15,7,0,0,candidate
0x8C08F204,12,7,71,2,proven
0x8C08F9C4,12,7,19,0,proven
0x8C11CE70,11,7,0,0,candidate
0x8C09741C,8,7,0,0,candidate
0x8C147510,8,7,0,0,candidate
0x8C14CA9A,8,7,38,5,proven
0x8C156E82,8,7,18,2,proven
0x8C173DE0,8,7,0,0,candidate
0x8C026BD6,7,7,9,1,proven
0x8C03E806,7,7,10,1,proven
0x8C046FDE,7,7,78,0,proven
0x8C04E92C,7,7,22,1,proven
0x8C061BAE,7,7,9,0,proven
0x8C070A10,7,7,70,0,proven
0x8C072F20,7,7,0,0,candidate
0x8C072FF0,7,7,4,1,proven
0x8C0800EC,7,7,31,0,proven
0x8C10D9F8,7,7,0,0,candidate
0x8C11039C,7,7,0,0,candidate
0x8C11D048,7,7,0,0,candidate
0x8C12A93A,7,7,0,0,candidate
0x8C136D80,7,7,0,0,candidate
0x8C15F846,7,7,3,1,candidate
0x8C16AD54,7,7,12,0,proven
0x8C07C8BE,21,6,51,2,proven
0x8C090F84,11,6,50,2,proven
0x8C147340,8,6,0,0,candidate
0x8C040BEC,7,6,90,1,proven
0x8C02877A,6,6,14,0,proven
0x8C05F4C8,6,6,235,11,proven
0x8C06017E,6,6,29,0,proven
0x8C06753C,6,6,173,23,proven
0x8C072BD0,6,6,18,0,proven
0x8C073E90,6,6,14,0,proven
0x8C075D30,6,6,3,1,candidate
0x8C075D50,6,6,4,1,proven
0x8C0773E8,6,6,24,2,proven
0x8C0800C8,6,6,8,1,proven
0x8C0C0264,6,6,0,0,candidate
0x8C0C0274,6,6,0,0,candidate
0x8C0C08CC,6,6,0,0,candidate
0x8C10D9C8,6,6,0,0,candidate
0x8C10E5D0,6,6,0,0,candidate
0x8C11037C,6,6,0,0,candidate
0x8C1103AC,6,6,0,0,candidate
0x8C11CE60,6,6,0,0,candidate
0x8C13ADD8,6,6,0,0,candidate
0x8C13B004,6,6,0,0,candidate
0x8C16AD6C,6,6,11,0,proven
0x8C16BAB0,6,6,31,2,proven
0x8C08F87C,10,5,24,1,proven
0x8C03425E,7,5,97,1,proven
0x8C075D60,7,5,4,1,proven
0x8C128DB4,7,5,0,0,candidate
0x8C071920,6,5,3,0,candidate
0x8C07215C,6,5,25,0,proven
0x8C10E68C,6,5,0,0,candidate
0x8C1506C0,6,5,21,0,proven
0x8C1506EA,6,5,15,0,proven
0x8C03F164,5,5,11,1,proven
0x8C041298,5,5,220,21,proven
0x8C0584DA,5,5,4,0,proven
0x8C0584E2,5,5,4,0,proven
0x8C058688,5,5,14,0,proven
0x8C05F98C,5,5,18,4,proven
0x8C06823E,5,5,99,13,proven
0x8C06A820,5,5,24,1,proven
0x8C070F90,5,5,0,0,candidate
0x8C0724F0,5,5,20,0,proven
0x8C072FE0,5,5,5,1,proven
0x8C073AB0,5,5,14,0,proven
0x8C074F90,5,5,26,6,proven
0x8C075740,5,5,186,3,proven
0x8C07E42C,5,5,68,0,proven
0x8C08F9F6,5,5,20,0,proven
0x8C0910D0,5,5,0,0,candidate
0x8C0974F0,5,5,0,0,candidate
0x8C09C8F4,5,5,0,0,candidate
0x8C0AFF84,5,5,0,0,candidate
0x8C0AFFA4,5,5,0,0,candidate
0x8C0AFFC8,5,5,0,0,candidate
0x8C0AFFE4,5,5,0,0,candidate
0x8C0B0008,5,5,0,0,candidate
0x8C0B370C,5,5,0,0,candidate
0x8C0B3874,5,5,0,0,candidate
0x8C0C08C8,5,5,0,0,candidate
0x8C0C08D0,5,5,0,0,candidate
0x8C0C08D8,5,5,0,0,candidate
0x8C0C08E0,5,5,0,0,candidate
0x8C0C08E8,5,5,0,0,candidate
0x8C10DA04,5,5,0,0,candidate
0x8C123E50,5,5,0,0,candidate
0x8C12FDB4,5,5,0,0,candidate
0x8C13B16C,5,5,0,0,candidate
0x8C13B174,5,5,0,0,candidate
0x8C13B31C,5,5,0,0,candidate
0x8C147388,5,5,0,0,candidate
0x8C150708,5,5,10,0,proven
0x8C155580,5,5,0,0,candidate
0x8C1713FC,5,5,0,0,candidate
0x8C089C6C,13,4,0,0,candidate
0x8C155A9E,10,4,0,0,candidate
0x8C08F824,8,4,0,0,candidate
0x8C0BF4EC,7,4,0,0,candidate
0x8C03F9D0,6,4,0,0,candidate
0x8C076250,6,4,0,0,candidate
0x8C0B38AC,6,4,0,0,candidate
0x8C12B728,6,4,0,0,candidate
0x8C131610,6,4,0,0,candidate
0x8C147744,6,4,0,0,candidate
0x8C155AAE,6,4,0,0,candidate
0x8C1740A4,6,4,0,0,candidate
0x8C01F368,5,4,0,0,candidate
0x8C067718,5,4,0,0,candidate
0x8C070890,5,4,0,0,candidate
0x8C075700,5,4,0,0,candidate
0x8C090E4C,5,4,0,0,candidate
0x8C091AE0,5,4,0,0,candidate
0x8C0B3034,5,4,0,0,candidate
0x8C11D0BC,5,4,0,0,candidate
0x8C149B2E,5,4,0,0,candidate
0x8C173D68,5,4,0,0,candidate
0x8C01C568,4,4,0,0,candidate
0x8C01F5FC,4,4,0,0,candidate
0x8C022D9C,4,4,0,0,candidate
0x8C022DE2,4,4,0,0,candidate
0x8C02DD86,4,4,0,0,candidate
0x8C034E28,4,4,0,0,candidate
0x8C03E358,4,4,0,0,candidate
0x8C03E792,4,4,0,0,candidate
0x8C0585CA,4,4,0,0,candidate
0x8C059074,4,4,0,0,candidate
0x8C05BEF8,4,4,0,0,candidate
0x8C05C0F2,4,4,0,0,candidate
0x8C06F010,4,4,0,0,candidate
0x8C06F0D0,4,4,0,0,candidate
0x8C0721F0,4,4,0,0,candidate
0x8C077428,4,4,0,0,candidate
0x8C07E4B4,4,4,0,0,candidate
0x8C08EEE0,4,4,0,0,candidate
0x8C098700,4,4,0,0,candidate
0x8C0993AC,4,4,0,0,candidate
0x8C0B3824,4,4,0,0,candidate
0x8C0B72F0,4,4,0,0,candidate
0x8C0C3690,4,4,0,0,candidate
0x8C11CE54,4,4,0,0,candidate
0x8C11CE58,4,4,0,0,candidate
0x8C11CE5C,4,4,0,0,candidate
0x8C11D044,4,4,0,0,candidate
0x8C125A4C,4,4,0,0,candidate
0x8C12724C,4,4,0,0,candidate
0x8C128D28,4,4,0,0,candidate
0x8C12A8F4,4,4,0,0,candidate
0x8C12EC08,4,4,0,0,candidate
0x8C136D90,4,4,0,0,candidate
0x8C1386A8,4,4,0,0,candidate
0x8C13FD34,4,4,0,0,candidate
0x8C140F94,4,4,0,0,candidate
0x8C141024,4,4,0,0,candidate
0x8C141084,4,4,0,0,candidate
0x8C141F14,4,4,0,0,candidate
0x8C1423C4,4,4,0,0,candidate
0x8C142544,4,4,0,0,candidate
0x8C142C64,4,4,0,0,candidate
0x8C1473C8,4,4,0,0,candidate
0x8C1473CC,4,4,0,0,candidate
0x8C1473D0,4,4,0,0,candidate
0x8C1473D4,4,4,0,0,candidate
0x8C1473D8,4,4,0,0,candidate
0x8C15FEAA,4,4,0,0,candidate
0x8C161874,4,4,0,0,candidate
0x8C16BA68,4,4,0,0,candidate
0x8C16BA80,4,4,0,0,candidate
0x8C170EB0,4,4,0,0,candidate
0x8C1718DC,4,4,0,0,candidate
0x8C171A6C,4,4,0,0,candidate
0x8C173844,4,4,0,0,candidate
0x8C173DD8,4,4,0,0,candidate
0x8C1743EC,17,3,0,0,candidate
0x8C070B90,11,3,0,0,candidate
0x8C08C864,10,3,0,0,candidate
0x8C15D1A2,9,3,0,0,candidate
0x8C03378C,7,3,0,0,candidate
0x8C03FA18,6,3,0,0,candidate
0x8C155A80,6,3,0,0,candidate
0x8C0B677C,5,3,0,0,candidate
0x8C1486A0,5,3,0,0,candidate
0x8C159448,5,3,0,0,candidate
0x8C174098,5,3,0,0,candidate
0x8C00F400,4,3,0,0,candidate
0x8C01940E,4,3,0,0,candidate
0x8C01E8B8,4,3,0,0,candidate
0x8C01F4CA,4,3,0,0,candidate
0x8C03341C,4,3,0,0,candidate
0x8C058AA0,4,3,0,0,candidate
0x8C05BECA,4,3,0,0,candidate
0x8C05F44C,4,3,0,0,candidate
0x8C060354,4,3,0,0,candidate
0x8C06EAF0,4,3,0,0,candidate
0x8C06EB70,4,3,0,0,candidate
0x8C06EDC0,4,3,0,0,candidate
0x8C06EF40,4,3,0,0,candidate
0x8C11D094,4,3,0,0,candidate
0x8C128BF4,4,3,0,0,candidate
0x8C1296B0,4,3,0,0,candidate
0x8C158DCC,4,3,0,0,candidate
0x8C15E628,4,3,0,0,candidate
0x8C15FAF8,4,3,0,0,candidate
0x8C171AAC,4,3,0,0,candidate
0x8C173E14,4,3,0,0,candidate
0x8C1740A8,4,3,0,0,candidate
0x8C008000,3,3,0,0,candidate
0x8C01E6F8,3,3,0,0,candidate
0x8C01EAD0,3,3,0,0,candidate
0x8C01ECAA,3,3,0,0,candidate
0x8C02A5CA,3,3,0,0,candidate
0x8C0323D0,3,3,0,0,candidate
0x8C036318,3,3,0,0,candidate
0x8C03ADEC,3,3,0,0,candidate
0x8C03B318,3,3,0,0,candidate
0x8C03E2A0,3,3,0,0,candidate
0x8C03F15E,3,3,0,0,candidate
0x8C0435E2,3,3,0,0,candidate
0x8C043706,3,3,0,0,candidate
0x8C0438C0,3,3,0,0,candidate
0x8C046460,3,3,0,0,candidate
0x8C05B56C,3,3,0,0,candidate
0x8C05C0E6,3,3,0,0,candidate
0x8C05CEB0,3,3,0,0,candidate
0x8C05F42E,3,3,0,0,candidate
0x8C067494,3,3,0,0,candidate
0x8C06E810,3,3,0,0,candidate
0x8C06F860,3,3,0,0,candidate
0x8C06F880,3,3,0,0,candidate
0x8C06F8A0,3,3,0,0,candidate
0x8C073A00,3,3,0,0,candidate
0x8C0749E0,3,3,0,0,candidate
0x8C075A00,3,3,0,0,candidate
0x8C0765B0,3,3,0,0,candidate
0x8C0767C0,3,3,0,0,candidate
0x8C07749A,3,3,0,0,candidate
0x8C077F7C,3,3,0,0,candidate
0x8C0788A0,3,3,0,0,candidate
0x8C07C5B8,3,3,0,0,candidate
0x8C089A70,3,3,0,0,candidate
0x8C08A952,3,3,0,0,candidate
0x8C08FE18,3,3,0,0,candidate
0x8C096E18,3,3,0,0,candidate
0x8C097540,3,3,0,0,candidate
0x8C098058,3,3,0,0,candidate
0x8C098818,3,3,0,0,candidate
0x8C098C50,3,3,0,0,candidate
0x8C09CA74,3,3,0,0,candidate
0x8C0A2D5C,3,3,0,0,candidate
0x8C0A2D80,3,3,0,0,candidate
0x8C0B3704,3,3,0,0,candidate
0x8C0B384C,3,3,0,0,candidate
0x8C0B3AA4,3,3,0,0,candidate
0x8C0BCB14,3,3,0,0,candidate
0x8C0C0284,3,3,0,0,candidate
0x8C0C0FCC,3,3,0,0,candidate
0x8C10CAB8,3,3,0,0,candidate
0x8C10CE5C,3,3,0,0,candidate
0x8C10E69C,3,3,0,0,candidate
0x8C10EAD8,3,3,0,0,candidate
0x8C111080,3,3,0,0,candidate
0x8C111084,3,3,0,0,candidate
0x8C1110C8,3,3,0,0,candidate
0x8C1110CC,3,3,0,0,candidate
0x8C11110C,3,3,0,0,candidate
0x8C111110,3,3,0,0,candidate
0x8C111150,3,3,0,0,candidate
0x8C111154,3,3,0,0,candidate
0x8C113E70,3,3,0,0,candidate
0x8C118700,3,3,0,0,candidate
0x8C11B650,3,3,0,0,candidate
0x8C11CE50,3,3,0,0,candidate
0x8C11CFF8,3,3,0,0,candidate
0x8C11D02C,3,3,0,0,candidate
0x8C128A6C,3,3,0,0,candidate
0x8C128ABC,3,3,0,0,candidate
0x8C128ACC,3,3,0,0,candidate
0x8C128ADC,3,3,0,0,candidate
0x8C128AE0,3,3,0,0,candidate
0x8C128BE4,3,3,0,0,candidate
0x8C128C04,3,3,0,0,candidate
0x8C128C24,3,3,0,0,candidate
0x8C129CCC,3,3,0,0,candidate
0x8C12A8EC,3,3,0,0,candidate
0x8C12A92A,3,3,0,0,candidate
0x8C12D2A8,3,3,0,0,candidate
0x8C12D2B0,3,3,0,0,candidate
0x8C12D2B4,3,3,0,0,candidate
0x8C12F1A8,3,3,0,0,candidate
0x8C131714,3,3,0,0,candidate
0x8C136E80,3,3,0,0,candidate
0x8C136EA4,3,3,0,0,candidate
0x8C137098,3,3,0,0,candidate
0x8C1370C8,3,3,0,0,candidate
0x8C1387FC,3,3,0,0,candidate
0x8C142554,3,3,0,0,candidate
0x8C1427B4,3,3,0,0,candidate
0x8C142A14,3,3,0,0,candidate
0x8C142CA4,3,3,0,0,candidate
0x8C142CD4,3,3,0,0,candidate
0x8C14E916,3,3,0,0,candidate
0x8C14F7A8,3,3,0,0,candidate
0x8C14F8AC,3,3,0,0,candidate
0x8C14FD82,3,3,0,0,candidate
0x8C15071C,3,3,0,0,candidate
0x8C150750,3,3,0,0,candidate
0x8C152FA0,3,3,0,0,candidate
0x8C15335A,3,3,0,0,candidate
0x8C154F40,3,3,0,0,candidate
0x8C1551C0,3,3,0,0,candidate
0x8C15901A,3,3,0,0,candidate
0x8C15DD4C,3,3,0,0,candidate
0x8C1606B0,3,3,0,0,candidate
0x8C16274A,3,3,0,0,candidate
0x8C164EA8,3,3,0,0,candidate
0x8C166DD2,3,3,0,0,candidate
0x8C16A040,3,3,0,0,candidate
0x8C16A424,3,3,0,0,candidate
0x8C170ECC,3,3,0,0,candidate
0x8C170F98,3,3,0,0,candidate
0x8C174328,3,3,0,0,candidate
0x8C156D36,10,2,0,0,candidate
0x8C15E99C,10,2,0,0,candidate
0x8C052DBA,7,2,0,0,candidate
0x8C08A6B8,6,2,0,0,candidate
0x8C10CBDC,6,2,0,0,candidate
0x8C155A48,6,2,0,0,candidate
0x8C091084,5,2,0,0,candidate
0x8C12D2A4,5,2,0,0,candidate
0x8C147748,5,2,0,0,candidate
0x8C15A540,5,2,0,0,candidate
0x8C01EC7A,4,2,0,0,candidate
0x8C0271D8,4,2,0,0,candidate
0x8C0336C8,4,2,0,0,candidate
0x8C033B12,4,2,0,0,candidate
0x8C062270,4,2,0,0,candidate
0x8C06ECD0,4,2,0,0,candidate
0x8C08CF20,4,2,0,0,candidate
0x8C08F5D8,4,2,0,0,candidate
0x8C128DB8,4,2,0,0,candidate
0x8C1681C4,4,2,0,0,candidate
0x8C1737E8,4,2,0,0,candidate
0x8C03B1EC,3,2,0,0,candidate
0x8C05BE5C,3,2,0,0,candidate
0x8C05C00C,3,2,0,0,candidate
0x8C0683B0,3,2,0,0,candidate
0x8C07753C,3,2,0,0,candidate
0x8C08F8C0,3,2,0,0,candidate
0x8C08FA24,3,2,0,0,candidate
0x8C0B33CC,3,2,0,0,candidate
0x8C0B4158,3,2,0,0,candidate
0x8C0F3AD4,3,2,0,0,candidate
0x8C10B910,3,2,0,0,candidate
0x8C10CCA4,3,2,0,0,candidate
0x8C10CD3C,3,2,0,0,candidate
0x8C124244,3,2,0,0,candidate
0x8C1295A0,3,2,0,0,candidate
0x8C1295A4,3,2,0,0,candidate
0x8C12A5EC,3,2,0,0,candidate
0x8C12BA20,3,2,0,0,candidate
0x8C12D2A0,3,2,0,0,candidate
0x8C131728,3,2,0,0,candidate
0x8C147348,3,2,0,0,candidate
0x8C14734C,3,2,0,0,candidate
0x8C147370,3,2,0,0,candidate
0x8C147530,3,2,0,0,candidate
0x8C147CF8,3,2,0,0,candidate
0x8C15D110,3,2,0,0,candidate
0x8C15F9B0,3,2,0,0,candidate
0x8C162436,3,2,0,0,candidate
0x8C173DE4,3,2,0,0,candidate
0x8C1742EC,3,2,0,0,candidate
0x8C00FC00,2,2,0,0,candidate
0x8C010060,2,2,0,0,candidate
0x8C019C14,2,2,0,0,candidate
0x8C01D190,2,2,0,0,candidate
0x8C01D69C,2,2,0,0,candidate
0x8C01E43C,2,2,0,0,candidate
0x8C01EAEA,2,2,0,0,candidate
0x8C01EDBC,2,2,0,0,candidate
0x8C020D78,2,2,0,0,candidate
0x8C022D30,2,2,0,0,candidate
0x8C026D10,2,2,0,0,candidate
0x8C027280,2,2,0,0,candidate
0x8C02802A,2,2,0,0,candidate
0x8C028924,2,2,0,0,candidate
0x8C02B910,2,2,0,0,candidate
0x8C02F4CA,2,2,0,0,candidate
0x8C030B34,2,2,0,0,candidate
0x8C030EB4,2,2,0,0,candidate
0x8C030EC4,2,2,0,0,candidate
0x8C030EEE,2,2,0,0,candidate
0x8C031B94,2,2,0,0,candidate
0x8C032210,2,2,0,0,candidate
0x8C03232A,2,2,0,0,candidate
0x8C0331B8,2,2,0,0,candidate
0x8C033A7C,2,2,0,0,candidate
0x8C0350A6,2,2,0,0,candidate
0x8C035B30,2,2,0,0,candidate
0x8C035F24,2,2,0,0,candidate
0x8C0360A2,2,2,0,0,candidate
0x8C0369EC,2,2,0,0,candidate
0x8C036CE4,2,2,0,0,candidate
0x8C03A870,2,2,0,0,candidate
0x8C03B098,2,2,0,0,candidate
0x8C03E154,2,2,0,0,candidate
0x8C03E43C,2,2,0,0,candidate
0x8C03E4D0,2,2,0,0,candidate
0x8C03E700,2,2,0,0,candidate
0x8C03E776,2,2,0,0,candidate
0x8C03EA54,2,2,0,0,candidate
0x8C03EC48,2,2,0,0,candidate
0x8C03ED46,2,2,0,0,candidate
0x8C03EF3E,2,2,0,0,candidate
0x8C03F4BC,2,2,0,0,candidate
0x8C041178,2,2,0,0,candidate
0x8C042A66,2,2,0,0,candidate
0x8C0440A4,2,2,0,0,candidate
0x8C044940,2,2,0,0,candidate
0x8C044964,2,2,0,0,candidate
0x8C045BAC,2,2,0,0,candidate
0x8C0464AE,2,2,0,0,candidate
0x8C0464DE,2,2,0,0,candidate
0x8C048FD6,2,2,0,0,candidate
0x8C04BA04,2,2,0,0,candidate
0x8C04BA42,2,2,0,0,candidate
0x8C04D58C,2,2,0,0,candidate
0x8C04D5FA,2,2,0,0,candidate
0x8C0503E6,2,2,0,0,candidate
0x8C0504F6,2,2,0,0,candidate
0x8C05072C,2,2,0,0,candidate
0x8C050740,2,2,0,0,candidate
0x8C0537EC,2,2,0,0,candidate
0x8C0586E0,2,2,0,0,candidate
0x8C05872E,2,2,0,0,candidate
0x8C058782,2,2,0,0,candidate
0x8C0588EC,2,2,0,0,candidate
0x8C059908,2,2,0,0,candidate
0x8C059E6A,2,2,0,0,candidate
0x8C05B596,2,2,0,0,candidate
0x8C05C0EA,2,2,0,0,candidate
0x8C05C0EE,2,2,0,0,candidate
0x8C05D0D8,2,2,0,0,candidate
0x8C05D156,2,2,0,0,candidate
0x8C05D1CA,2,2,0,0,candidate
0x8C05EDFC,2,2,0,0,candidate
0x8C05F9B0,2,2,0,0,candidate
0x8C05FAB8,2,2,0,0,candidate
0x8C062258,2,2,0,0,candidate
0x8C068304,2,2,0,0,candidate
0x8C069230,2,2,0,0,candidate
0x8C06989A,2,2,0,0,candidate
0x8C06CBE2,2,2,0,0,candidate
0x8C06CCDC,2,2,0,0,candidate
0x8C06CD06,2,2,0,0,candidate
0x8C06F1E0,2,2,0,0,candidate
0x8C0704C0,2,2,0,0,candidate
0x8C070EB0,2,2,0,0,candidate
0x8C071ED0,2,2,0,0,candidate
0x8C072310,2,2,0,0,candidate
0x8C072C00,2,2,0,0,candidate
0x8C072FA0,2,2,0,0,candidate
0x8C074040,2,2,0,0,candidate
0x8C074070,2,2,0,0,candidate
0x8C074960,2,2,0,0,candidate
0x8C075BC0,2,2,0,0,candidate
0x8C075E50,2,2,0,0,candidate
0x8C076260,2,2,0,0,candidate
0x8C077294,2,2,0,0,candidate
0x8C0775E8,2,2,0,0,candidate
0x8C077660,2,2,0,0,candidate
0x8C077C18,2,2,0,0,candidate
0x8C077FFE,2,2,0,0,candidate
0x8C078880,2,2,0,0,candidate
0x8C07CEAC,2,2,0,0,candidate
0x8C07CFD0,2,2,0,0,candidate
0x8C07D050,2,2,0,0,candidate
0x8C07D1CE,2,2,0,0,candidate
0x8C07E3D0,2,2,0,0,candidate
0x8C07E57C,2,2,0,0,candidate
0x8C07E63E,2,2,0,0,candidate
0x8C088090,2,2,0,0,candidate
0x8C088092,2,2,0,0,candidate
0x8C08F31A,2,2,0,0,candidate
0x8C092E84,2,2,0,0,candidate
0x8C094040,2,2,0,0,candidate
0x8C097590,2,2,0,0,candidate
0x8C0975A0,2,2,0,0,candidate
0x8C0975B0,2,2,0,0,candidate
0x8C0975C0,2,2,0,0,candidate
0x8C097670,2,2,0,0,candidate
0x8C0976A0,2,2,0,0,candidate
0x8C09A178,2,2,0,0,candidate
0x8C09B080,2,2,0,0,candidate
0x8C09B090,2,2,0,0,candidate
0x8C09B09C,2,2,0,0,candidate
0x8C09B0A8,2,2,0,0,candidate
0x8C09B0B4,2,2,0,0,candidate
0x8C09B0C0,2,2,0,0,candidate
0x8C09C7A4,2,2,0,0,candidate
0x8C09C8FC,2,2,0,0,candidate
0x8C09CAF4,2,2,0,0,candidate
0x8C09CAF8,2,2,0,0,candidate
0x8C09CB00,2,2,0,0,candidate
0x8C09D868,2,2,0,0,candidate
0x8C09D8BC,2,2,0,0,candidate
0x8C09D9E8,2,2,0,0,candidate
0x8C09DA0C,2,2,0,0,candidate
0x8C09DB84,2,2,0,0,candidate
0x8C09DCC4,2,2,0,0,candidate
0x8C09DCD8,2,2,0,0,candidate
0x8C09DCEC,2,2,0,0,candidate
0x8C09DCFC,2,2,0,0,candidate
0x8C09DD0C,2,2,0,0,candidate
0x8C09DD18,2,2,0,0,candidate
0x8C09DD1C,2,2,0,0,candidate
0x8C09DD3C,2,2,0,0,candidate
0x8C09DD40,2,2,0,0,candidate
0x8C09DD58,2,2,0,0,candidate
0x8C09DD6C,2,2,0,0,candidate
0x8C09DD8C,2,2,0,0,candidate
0x8C09DD98,2,2,0,0,candidate
0x8C09DDA4,2,2,0,0,candidate
0x8C09DDB8,2,2,0,0,candidate
0x8C09DDC4,2,2,0,0,candidate
0x8C09DDE0,2,2,0,0,candidate
0x8C09DDF0,2,2,0,0,candidate
0x8C09DE0C,2,2,0,0,candidate
0x8C09DE18,2,2,0,0,candidate
0x8C09DE28,2,2,0,0,candidate
0x8C09DE40,2,2,0,0,candidate
0x8C0A0550,2,2,0,0,candidate
0x8C0A12E8,2,2,0,0,candidate
0x8C0A1D80,2,2,0,0,candidate
0x8C0A2C18,2,2,0,0,candidate
0x8C0A2D44,2,2,0,0,candidate
0x8C0A2D50,2,2,0,0,candidate
0x8C0A2D74,2,2,0,0,candidate
0x8C0B0238,2,2,0,0,candidate
0x8C0B02D8,2,2,0,0,candidate
0x8C0B0300,2,2,0,0,candidate
0x8C0B0318,2,2,0,0,candidate
0x8C0B0438,2,2,0,0,candidate
0x8C0B3404,2,2,0,0,candidate
0x8C0B3414,2,2,0,0,candidate
0x8C0B38CC,2,2,0,0,candidate
0x8C0B6450,2,2,0,0,candidate
0x8C0BB4CA,2,2,0,0,candidate
0x8C0BCBE4,2,2,0,0,candidate
0x8C0BDB98,2,2,0,0,candidate
0x8C0C0184,2,2,0,0,candidate
0x8C0C01F8,2,2,0,0,candidate
0x8C0C01FC,2,2,0,0,candidate
0x8C0C0244,2,2,0,0,candidate
0x8C0C0294,2,2,0,0,candidate
0x8C0C02C8,2,2,0,0,candidate
0x8C0C0714,2,2,0,0,candidate
0x8C0C0780,2,2,0,0,candidate
0x8C0C07EC,2,2,0,0,candidate
0x8C0C0858,2,2,0,0,candidate
0x8C0C106C,2,2,0,0,candidate
0x8C0C2798,2,2,0,0,candidate
0x8C0F34E8,2,2,0,0,candidate
0x8C10B6F8,2,2,0,0,candidate
0x8C10B7A0,2,2,0,0,candidate
0x8C10B970,2,2,0,0,candidate
0x8C10BA08,2,2,0,0,candidate
0x8C10CAF8,2,2,0,0,candidate
0x8C10CB04,2,2,0,0,candidate
0x8C10CB28,2,2,0,0,candidate
0x8C10CB3C,2,2,0,0,candidate
0x8C10CB58,2,2,0,0,candidate
0x8C10CD74,2,2,0,0,candidate
0x8C10CE8C,2,2,0,0,candidate
0x8C10D410,2,2,0,0,candidate
0x8C10D574,2,2,0,0,candidate
0x8C10D6A8,2,2,0,0,candidate
0x8C10D9D4,2,2,0,0,candidate
0x8C10D9EC,2,2,0,0,candidate
0x8C10E260,2,2,0,0,candidate
0x8C10E970,2,2,0,0,candidate
0x8C10E9B8,2,2,0,0,candidate
0x8C10EB94,2,2,0,0,candidate
0x8C10EF28,2,2,0,0,candidate
0x8C10FC9C,2,2,0,0,candidate
0x8C110098,2,2,0,0,candidate
0x8C110548,2,2,0,0,candidate
0x8C110A98,2,2,0,0,candidate
0x8C110AA8,2,2,0,0,candidate
0x8C110AB8,2,2,0,0,candidate
0x8C110AC8,2,2,0,0,candidate
0x8C110AE8,2,2,0,0,candidate
0x8C110AF8,2,2,0,0,candidate
0x8C110B28,2,2,0,0,candidate
0x8C110B38,2,2,0,0,candidate
0x8C110B48,2,2,0,0,candidate
0x8C110B68,2,2,0,0,candidate
0x8C110B98,2,2,0,0,candidate
0x8C110BA8,2,2,0,0,candidate
0x8C110BC8,2,2,0,0,candidate
0x8C110BD8,2,2,0,0,candidate
0x8C110BE8,2,2,0,0,candidate
0x8C110C08,2,2,0,0,candidate
0x8C110CA8,2,2,0,0,candidate
0x8C110CC8,2,2,0,0,candidate
0x8C110CD8,2,2,0,0,candidate
0x8C110CE8,2,2,0,0,candidate
0x8C110CF8,2,2,0,0,candidate
0x8C110D08,2,2,0,0,candidate
0x8C110D50,2,2,0,0,candidate
0x8C110FF4,2,2,0,0,candidate
0x8C111054,2,2,0,0,candidate
0x8C1111C8,2,2,0,0,candidate
0x8C111200,2,2,0,0,candidate
0x8C111258,2,2,0,0,candidate
0x8C1112A4,2,2,0,0,candidate
0x8C111304,2,2,0,0,candidate
0x8C111348,2,2,0,0,candidate
0x8C111370,2,2,0,0,candidate
0x8C111378,2,2,0,0,candidate
0x8C111398,2,2,0,0,candidate
0x8C1113C0,2,2,0,0,candidate
0x8C1113C8,2,2,0,0,candidate
0x8C1113E8,2,2,0,0,candidate
0x8C111410,2,2,0,0,candidate
0x8C111418,2,2,0,0,candidate
0x8C111438,2,2,0,0,candidate
0x8C111460,2,2,0,0,candidate
0x8C111468,2,2,0,0,candidate
0x8C111510,2,2,0,0,candidate
0x8C1115D4,2,2,0,0,candidate
0x8C111694,2,2,0,0,candidate
0x8C111A10,2,2,0,0,candidate
0x8C111B90,2,2,0,0,candidate
0x8C111C70,2,2,0,0,candidate
0x8C111CF0,2,2,0,0,candidate
0x8C111F50,2,2,0,0,candidate
0x8C1120D8,2,2,0,0,candidate
0x8C1121E8,2,2,0,0,candidate
0x8C112228,2,2,0,0,candidate
0x8C1123A8,2,2,0,0,candidate
0x8C1124A8,2,2,0,0,candidate
0x8C1125A8,2,2,0,0,candidate
0x8C112A84,2,2,0,0,candidate
0x8C112B04,2,2,0,0,candidate
0x8C112B34,2,2,0,0,candidate
0x8C112B64,2,2,0,0,candidate
0x8C1131F8,2,2,0,0,candidate
0x8C1138B8,2,2,0,0,candidate
0x8C113A08,2,2,0,0,candidate
0x8C118704,2,2,0,0,candidate
0x8C118758,2,2,0,0,candidate
0x8C11875C,2,2,0,0,candidate
0x8C118760,2,2,0,0,candidate
0x8C11CDFC,2,2,0,0,candidate
0x8C11CE38,2,2,0,0,candidate
0x8C11CE48,2,2,0,0,candidate
0x8C11CE4C,2,2,0,0,candidate
0x8C11CE64,2,2,0,0,candidate
0x8C11CE68,2,2,0,0,candidate
0x8C11CFA8,2,2,0,0,candidate
0x8C11CFAC,2,2,0,0,candidate
0x8C11D014,2,2,0,0,candidate
0x8C123E54,2,2,0,0,candidate
0x8C123E5C,2,2,0,0,candidate
0x8C124238,2,2,0,0,candidate
0x8C128A94,2,2,0,0,candidate
0x8C128BD4,2,2,0,0,candidate
0x8C128BDC,2,2,0,0,candidate
0x8C128BE0,2,2,0,0,candidate
0x8C128C14,2,2,0,0,candidate
0x8C128C28,2,2,0,0,candidate
0x8C128D30,2,2,0,0,candidate
0x8C1293C4,2,2,0,0,candidate
0x8C1294F0,2,2,0,0,candidate
0x8C1295A8,2,2,0,0,candidate
0x8C1295AC,2,2,0,0,candidate
0x8C129D40,2,2,0,0,candidate
0x8C12B774,2,2,0,0,candidate
0x8C12B9AC,2,2,0,0,candidate
0x8C12BA2C,2,2,0,0,candidate
0x8C12CBAC,2,2,0,0,candidate
0x8C12CF6C,2,2,0,0,candidate
0x8C12D12C,2,2,0,0,candidate
0x8C12D2AC,2,2,0,0,candidate
0x8C12D2B8,2,2,0,0,candidate
0x8C12DF60,2,2,0,0,candidate
0x8C12FDAC,2,2,0,0,candidate
0x8C12FDB8,2,2,0,0,candidate
0x8C12FDBC,2,2,0,0,candidate
0x8C13156C,2,2,0,0,candidate
0x8C131F88,2,2,0,0,candidate
0x8C131FA0,2,2,0,0,candidate
0x8C132210,2,2,0,0,candidate
0x8C132568,2,2,0,0,candidate
0x8C132E94,2,2,0,0,candidate
0x8C136858,2,2,0,0,candidate
0x8C1368A8,2,2,0,0,candidate
0x8C136CB0,2,2,0,0,candidate
0x8C136D68,2,2,0,0,candidate
0x8C136D6C,2,2,0,0,candidate
0x8C136D70,2,2,0,0,candidate
0x8C136D74,2,2,0,0,candidate
0x8C136D78,2,2,0,0,candidate
0x8C136D84,2,2,0,0,candidate
0x8C136E38,2,2,0,0,candidate
0x8C136E5C,2,2,0,0,candidate
0x8C136F20,2,2,0,0,candidate
0x8C136F44,2,2,0,0,candidate
0x8C136FB0,2,2,0,0,candidate
0x8C136FD4,2,2,0,0,candidate
0x8C137038,2,2,0,0,candidate
0x8C137044,2,2,0,0,candidate
0x8C137068,2,2,0,0,candidate
0x8C137074,2,2,0,0,candidate
0x8C1370A4,2,2,0,0,candidate
0x8C1370D4,2,2,0,0,candidate
0x8C137114,2,2,0,0,candidate
0x8C1386A0,2,2,0,0,candidate
0x8C13AFF0,2,2,0,0,candidate
0x8C13AFF4,2,2,0,0,candidate
0x8C13B008,2,2,0,0,candidate
0x8C13B028,2,2,0,0,candidate
0x8C13B048,2,2,0,0,candidate
0x8C13B108,2,2,0,0,candidate
0x8C13B144,2,2,0,0,candidate
0x8C13B14C,2,2,0,0,candidate
0x8C13B1EC,2,2,0,0,candidate
0x8C13B1F4,2,2,0,0,candidate
0x8C13B2FC,2,2,0,0,candidate
0x8C13B30C,2,2,0,0,candidate
0x8C13B3A8,2,2,0,0,candidate
0x8C13B6E8,2,2,0,0,candidate
0x8C13B750,2,2,0,0,candidate
0x8C13B770,2,2,0,0,candidate
0x8C13B780,2,2,0,0,candidate
0x8C13B78C,2,2,0,0,candidate
0x8C13B8B4,2,2,0,0,candidate
0x8C13B97C,2,2,0,0,candidate
0x8C13B9B4,2,2,0,0,candidate
0x8C13B9EC,2,2,0,0,candidate
0x8C13BA24,2,2,0,0,candidate
0x8C13BABC,2,2,0,0,candidate
0x8C13BB34,2,2,0,0,candidate
0x8C13BBAC,2,2,0,0,candidate
0x8C13BCAC,2,2,0,0,candidate
0x8C13BD0C,2,2,0,0,candidate
0x8C13BD44,2,2,0,0,candidate
0x8C13BD7C,2,2,0,0,candidate
0x8C13BED4,2,2,0,0,candidate
0x8C13BF4C,2,2,0,0,candidate
0x8C13BFFC,2,2,0,0,candidate
0x8C13C074,2,2,0,0,candidate
0x8C13C114,2,2,0,0,candidate
0x8C13C16C,2,2,0,0,candidate
0x8C13C2F4,2,2,0,0,candidate
0x8C13C344,2,2,0,0,candidate
0x8C13F3B8,2,2,0,0,candidate
0x8C13F434,2,2,0,0,candidate
0x8C13FB34,2,2,0,0,candidate
0x8C13FBC4,2,2,0,0,candidate
0x8C142E14,2,2,0,0,candidate
0x8C142E74,2,2,0,0,candidate
0x8C142ED4,2,2,0,0,candidate
0x8C142F34,2,2,0,0,candidate
0x8C147338,2,2,0,0,candidate
0x8C14733C,2,2,0,0,candidate
0x8C1474D0,2,2,0,0,candidate
0x8C1474E0,2,2,0,0,candidate
0x8C1474F0,2,2,0,0,candidate
0x8C147520,2,2,0,0,candidate
0x8C1475E8,2,2,0,0,candidate
0x8C147648,2,2,0,0,candidate
0x8C147650,2,2,0,0,candidate
0x8C14773C,2,2,0,0,candidate
0x8C147824,2,2,0,0,candidate
0x8C147828,2,2,0,0,candidate
0x8C14782C,2,2,0,0,candidate
0x8C147834,2,2,0,0,candidate
0x8C147838,2,2,0,0,candidate
0x8C14783C,2,2,0,0,candidate
0x8C147844,2,2,0,0,candidate
0x8C147C2E,2,2,0,0,candidate
0x8C147C80,2,2,0,0,candidate
0x8C147C90,2,2,0,0,candidate
0x8C148220,2,2,0,0,candidate
0x8C14830E,2,2,0,0,candidate
0x8C14B394,2,2,0,0,candidate
0x8C14E6F0,2,2,0,0,candidate
0x8C14E9A8,2,2,0,0,candidate
0x8C14EB7E,2,2,0,0,candidate
0x8C14EE68,2,2,0,0,candidate
0x8C153040,2,2,0,0,candidate
0x8C153212,2,2,0,0,candidate
0x8C153450,2,2,0,0,candidate
0x8C1545C0,2,2,0,0,candidate
0x8C154DC0,2,2,0,0,candidate
0x8C156058,2,2,0,0,candidate
0x8C15621C,2,2,0,0,candidate
0x8C156960,2,2,0,0,candidate
0x8C15B25C,2,2,0,0,candidate
0x8C15CD76,2,2,0,0,candidate
0x8C15CE46,2,2,0,0,candidate
0x8C15E260,2,2,0,0,candidate
0x8C15FE16,2,2,0,0,candidate
0x8C160584,2,2,0,0,candidate
0x8C160688,2,2,0,0,candidate
0x8C160B1C,2,2,0,0,candidate
0x8C160C20,2,2,0,0,candidate
0x8C160CAC,2,2,0,0,candidate
0x8C160D28,2,2,0,0,candidate
0x8C16137E,2,2,0,0,candidate
0x8C1618AA,2,2,0,0,candidate
0x8C1626DE,2,2,0,0,candidate
0x8C163366,2,2,0,0,candidate
0x8C164B94,2,2,0,0,candidate
0x8C165292,2,2,0,0,candidate
0x8C165878,2,2,0,0,candidate
0x8C165A7E,2,2,0,0,candidate
0x8C1684CC,2,2,0,0,candidate
0x8C1684D4,2,2,0,0,candidate
0x8C1687C8,2,2,0,0,candidate
0x8C16880C,2,2,0,0,candidate
0x8C169FDE,2,2,0,0,candidate
0x8C16A084,2,2,0,0,candidate
0x8C16A0C8,2,2,0,0,candidate
0x8C16A10C,2,2,0,0,candidate
0x8C16A4F8,2,2,0,0,candidate
0x8C16AD84,2,2,0,0,candidate
0x8C16F352,2,2,0,0,candidate
0x8C16F662,2,2,0,0,candidate
0x8C16F698,2,2,0,0,candidate
0x8C170068,2,2,0,0,candidate
0x8C1705F8,2,2,0,0,candidate
0x8C170628,2,2,0,0,candidate
0x8C170654,2,2,0,0,candidate
0x8C170CC0,2,2,0,0,candidate
0x8C170CCC,2,2,0,0,candidate
0x8C170E8C,2,2,0,0,candidate
0x8C170FC4,2,2,0,0,candidate
0x8C1714F0,2,2,0,0,candidate
0x8C171A40,2,2,0,0,candidate
0x8C1726A0,2,2,0,0,candidate
0x8C1726C8,2,2,0,0,candidate
0x8C1726F0,2,2,0,0,candidate
0x8C172E78,2,2,0,0,candidate
0x8C172EFC,2,2,0,0,candidate
0x8C172F58,2,2,0,0,candidate
0x8C1737F0,2,2,0,0,candidate
0x8C1737F4,2,2,0,0,candidate
0x8C173804,2,2,0,0,candidate
0x8C173818,2,2,0,0,candidate
0x8C17381C,2,2,0,0,candidate
0x8C173828,2,2,0,0,candidate
0x8C17382C,2,2,0,0,candidate
0x8C173830,2,2,0,0,candidate
0x8C17432C,2,2,0,0,candidate
0x8C1744A8,2,2,0,0,candidate
0x8C17451C,2,2,0,0,candidate
0x8C17455C,2,2,0,0,candidate
0x8C174578,2,2,0,0,candidate
0x8C17457C,2,2,0,0,candidate
